race	race_normalized
"""Blessed by Light"""	"""Blessed By Light"""
(Retired) Deus	(Retired) Deus
(WoW) Draenei	(Wow) Draenei
?????	?????
COPY_OF_Aarakocra	Aarakocra
Owl Aarakocra	Aarakocra
Aarakocra	Aarakocra
Human-Aasimar	Aasimar
Ailthizar (Aasimar)	Aasimar
Aasimar (Volo's Guide to Monsters)	Aasimar
Half Drow/Half Aasimar	Aasimar
COPY_OF_Aasimar	Aasimar
Aasimar (Dragon Child)	Aasimar
Protector Aasimar	Aasimar
Aasimar Protetor	Aasimar
Aasimar	Aasimar
Abeil	Abeil
Abomination	Abomination
Abyssal Cambion 	Abyssal Cambion
Ackrylil	Ackrylil
Ae'ren	Ae'Ren
Aeolan	Aeolan
Ashborn	Aetherborn
Aetheril	Aetheril
Ailead	Ailead
Ajatar	Ajatar
Alakar	Alakar
Alchemical Scarecrow	Alchemical Scarecrow
Alien	Alien
Alien Grey	Alien Grey
Alu-fiend	Alu-Fiend
Amazon	Amazon
Amazonian	Amazonian
An'Ku	An'Ku
Ancient Ones	Ancient Ones
Android	Android
Angel of Death	Angel Of Death
Angelborn	Angelborn
Angelic Phoenix	Angelic Phoenix
Angels	Angels
Angler Titan	Angler Titan
Animated Armor	Animated Armor
Anka	Anka
Annülian	Annülian
Anthro equine	Anthro Equine
Anthropomorph	Anthropomorph
Anubite	Anubite
Ape	Ape
Aperture Device	Aperture Device
Aquari	Aquari
Arachni	Arachni
Arachnoid	Arachnoid
Aranthi (GnG)	Aranthi (Gng)
Archon	Archon
Arenea	Arenea
Aroura (Ratfolk)	Aroura (Ratfolk)
Ashborn (AotG)	Ashborn (Aotg)
Ashera	Ashera
Asmodean Devil	Asmodean Devil
Atlantic Peoples	Atlantic Peoples
Atla’Harkun	Atla’Harkun
Attalwen	Attalwen
Atuin	Atuin
Auld	Auld
Auricar	Auricar
Automaton	Automaton
Autumn Hamadryad	Autumn Hamadryad
Avali	Avali
Avatar	Avatar
Aven	Aven
Heaven Born	Aven
Awakened Animal	Awakened Animal
Awakened Ape	Awakened Ape
Awakened Beast	Awakened Beast
Awakened Cat	Awakened Cat
Awakened Dog	Awakened Dog
Awakened Flesh Golem	Awakened Flesh Golem
Awakened fox	Awakened Fox
Awakened Half-Dragon	Awakened Half-Dragon
Awakened Rabbit	Awakened Rabbit
Awakened Tree	Awakened Tree
Awakened Undead	Awakened Undead
Awakened White Tiger	Awakened White Tiger
Awoken Rabbit	Awoken Rabbit
Axiom	Axiom
Azlanti Pureblood	Azlanti Pureblood
Bag of Holding	Bag Of Holding
Baketako	Baketako
Bat	Bat
Bathynomian	Bathynomian
Beast	Beast
Beastfolk	Beastfolk
Beastkin	Beastkin
Beevallan	Beevallan
bernuR	Bernur
Black Rider	Black Rider
Blackblood	Blackblood
Bladeling	Bladeling
Blood Angel	Blood Angel
Bloodkissed	Bloodkissed
Bloom Children	Bloom Children
Blusian	Blusian
Bonestruct	Bonestruct
Born of the Storm	Born Of The Storm
Breton	Breton
Briarling	Briarling
Brown Bear	Brown Bear
Brownie	Brownie
Buffkin	Buffkin
Bear	Bugbear
Bugbear	Bugbear
Faden_Bugbear	Bugbear
Bullywug	Bullywug
Bureese	Bureese
Børn af fortiden	Børn Af Fortiden
Calamaris	Calamaris
Cambion	Cambion
Cambion 	Cambion
Cambion (Redeemed)	Cambion (Redeemed)
Canid	Canid
Canidae	Canidae
Castorian	Castorian
Cat	Cat
Cat Folk	Cat Folk
Cat folk	Cat Folk
Cathominem	Cathominem
Catkin	Catkin
Cecaelia	Cecaelia
Centaur	Centaur
Sylvan Centaur	Centaur
Centaur-UA	Centaur
Cervitaur	Centaur
Caenara	Centaur
Chaladon	Chaladon
Changeling 	Changeling
Changeling (UA)	Changeling
Changeling	Changeling
Orc-Changeling	Changeling
Charr	Charr
Chetova	Chetova
Chimera	Chimera
Chinaman	Chinaman
Chinu	Chinu
Chitine	Chitine
Chronomancer	Chronomancer
Cl4-PPY	Cl4-Ppy
Clockwork	Clockwork
Clockwork Construct	Clockwork Construct
Clockwork Golem	Clockwork Golem
 Clockworks	Clockworks
Cnidarian	Cnidarian
Construct	Construct
Copper Golem	Copper Golem
COPY_OF_Eldritch Fiend - Succubus Variant	Copy_Of_Eldritch Fiend - Succubus Variant
Corgotten	Corgotten
Crabtaur	Crabtaur
Craislusian 	Craislusian
Crimson Demon	Crimson Demon
Crocadilian	Crocadilian
Crow	Crow
Cursed Feline	Cursed Feline
Cursed Variant (Swamp)	Cursed Variant (Swamp)
Custom Lineage	Custom Lineage
Lineages	Custom Lineage
Cutis	Cutis
Cyberborn	Cyberborn
Cyborg	Cyborg
Daegoling	Daegoling
Daevi	Daevi
Dalharil	Dalharil
Darfellan	Darfellan
Dark (Drow)	Dark (Drow)
Darklains	Darklains
Darkstalker	Darkstalker
Davi	Davi
DeathClaw	Deathclaw
Deep Gnome	Deep Gnome
Degmon	Degmon
Deku Scrub	Deku Scrub
Delunian Mageforged	Delunian Mageforged
Demigod	Demigod
Derro	Derro
Desterran	Desterran
Deva	Deva
Deva (Zeitgeist)	Deva (Zeitgeist)
Devil	Devil
Dhampyr	Dhampir
Damphir	Dhampir
Dhampir	Dhampir
WhiteSpire - Dhampir	Dhampir
Dhampir - Midgard	Dhampir
Dhampire	Dhampir
Dhamphir	Dhampir
Dhampir (Archived)	Dhampir
Displacer Beast	Displacer Beast
DL	Dl
Dog	Dog
Doppelganger	Doppelganger
Doppelganger Race	Doppelganger Race
Doppleganger	Doppleganger
Dothraki 	Dothraki
Draak'ar	Draak'Ar
Draconi	Draconi
Draconic Angel	Draconic Angel
Draconic angel	Draconic Angel
Draconic Races (Archived)	Draconic Races (Archived)
Draconid	Draconid
Draenei	Draenei
Dragon Knight	Dragon Knight
Dragonborn Halfling	Dragonborn
Dragonfolk	Dragonborn
Dragonborn Revenant	Dragonborn
Dragonborn Goliath	Dragonborn
Dexterous Dragonborn	Dragonborn
Dragonborn	Dragonborn
Dragonborn II	Dragonborn
Dragonkin	Dragonborn
Half-Dragonborn	Dragonborn
Dragonborn Legacy	Dragonborn
Feral Dragonborn	Dragonborn
Prismatic Dragonborn	Dragonborn
Demonborn	Dragonborn
Purple Dragonborn	Dragonborn
Dragonborn of Ysterra	Dragonborn
Gemstone Dragonborn	Dragonborn
Adamantine Dragonborn	Dragonborn
Elf-Dragonborn	Dragonborn
Dragonborn (Breath Weapon Modified)	Dragonborn
Dragoon	Dragonborn
Ravenite Dragonborn	Dragonborn
The dragon born	Dragonborn
Human/Dragonborn	Dragonborn
Dragonborn (Sphaeran Variant)	Dragonborn
Pink Dragonborn	Dragonborn
Dragon	Dragonborn
Warmage Dragonborn	Dragonborn
Half Elf Dragonborn	Dragonborn
Dragonborn (Revised)	Dragonborn
Mercury Dragonborn	Dragonborn
Dragonborn (Variant)	Dragonborn
Drakonian [HB]	Drakonian [Hb]
Dreya	Dreya
Dromite	Dromite
Drow	Drow
Dryad	Dryad
Duergar	Duergar
Duhorov; Hill	Duhorov; Hill
Duhorov; Mountain 	Duhorov; Mountain
Dullahan	Dullahan
Half Dwarf	Dwarf
Dwarf	Dwarf
Dwarfling	Dwarf
Dragondwarf	Dwarf
Wild Dwarf	Dwarf
Half-Dwarf	Dwarf
Transplanted Dwarf	Dwarf
Dwarf (Aanheim variant)	Dwarf
(WoW) Dark Iron Dwarf	Dwarf
Eberron Znir Pact Gnoll	Eberron Znir Pact Gnoll
Einherjar Shade	Einherjar Shade
Ekurai	Ekurai
Half-Goliath Eladrin	Eladrin
Bearkin 	Eladrin
Eladrin	Eladrin
Eldrazi	Eladrin
Nelliadine	Eladrin
Bearkin	Eladrin
Elapidae	Elapidae
Elc	Elc
Elderspawn	Elderspawn
Elementalian	Elementalian
Dire Elf	Elf
Moon Elf	Elf
Dwelf	Elf
Elf	Elf
Draco-Elf	Elf
Half Elf (variant)	Elf
Rarê Elf	Elf
Elf (World Walkers Universe)	Elf
Stained Elf	Elf
Sindar Elf	Elf
Jemmora Elf	Elf
Astral Elf	Elf
Dark Elf (Drow)	Elf
LeShayan Elf	Elf
Undead Elf	Elf
Drow Elf	Elf
Blood Elf	Elf
WM Elf	Elf
MtG Elf Variant	Elf
Fey Elf	Elf
High Elf	Elf
Squireelfolk	Elf
Deft Elf	Elf
Desert Elf	Elf
Quarter-Elf	Elf
Drow (Dark Elf)	Elf
Infernal Half Elf (Fey’ri) - With Bladesinger Subclass Abilities	Elf
Zendikar Elf	Elf
(WoW) Night Elf	Elf
Void Elf	Elf
DragonElf	Elf
Elf (Aanheim Variant)	Elf
Halfdarkelf	Elf
Sea Elf	Elf
COPY_OF_Elf	Elf
Scarred Lands Elf	Elf
Woodsy Elf	Elf
Elfling	Elf
Emier	Emier
Ensouled Object	Ensouled Object
Ent	Ent
Erinyes	Erinyes
Eteetif Vaekran	Eteetif Vaekran
Ethryne	Ethryne
Ettin	Ettin
Ex-Geist	Ex-Geist
Exile	Exile
Ezera Nemuoth	Ezera Nemuoth
Fae	Fae
Fae Hybrid	Fae Hybrid
Faerie	Faerie
Faerie Dragon	Faerie Dragon
Fairies	Fairies
Fairy, Winged	Fairy
Fairy 	Fairy
Fairy (Archived)	Fairy
Fairy	Fairy
Faery	Fairy
Fallen angel	Fallen Angel
Faun 	Faun
Faun	Faun
Faunus	Faunus
Favoured of Setesh	Favoured Of Setesh
Faye	Faye
Felic	Felic
Felin	Felin
Fey Corgi	Fey Corgi
Fey Dog	Fey Dog
Fey Folk	Fey Folk
Fey'ri	Fey'Ri
Feykin	Feykin
Feytouched	Feytouched
Firbolg for Paige	Firbolg
Firbolg	Firbolg
Firekindle Ragebeast	Firekindle Ragebeast
Flarusian	Flarusian
Fleeban	Fleeban
Flora Colossus 	Flora Colossus
Flora Colossus	Flora Colossus
Flumph	Flumph
Forest Mousefolk	Forest Mousefolk
Forest Spirit	Forest Spirit
Forsaken	Forsaken
Fox	Fox
Fox Folk	Fox Folk
Fox Folk Kitsune	Fox Folk Kitsune
Fox-folk	Fox-Folk
Free Gnoll	Free Gnoll
Frog Folk	Frog Folk
Frost Troll	Frost Troll
Frox	Frox
Funglet	Funglet
Furry Lion	Furry Lion
G'HaKaan	G'Hakaan
Galapian	Galapian
Gallian	Gallian
Gastrosapien	Gastrosapien
Gato	Gato
Genasi	Genasi
Water Genasi	Genasi
Air Genasi	Genasi
Genie	Genasi
Magma Genasi	Genasi
Fire Genasi	Genasi
Dwarf Genasi	Genasi
Earth Genasi	Genasi
Gerudo	Gerudo
Ghost	Ghost
Ghostblood	Ghostblood
Giant Blooded Oresyn	Giant Blooded Oresyn
Giff	Giff
Griffin	Giff
Giomorgo (Half-Vistani)	Giomorgo (Half-Vistani)
Githzerai	Githzerai
Lichkin	Glitchling
Glowers	Glowers
Gnoll	Gnoll
Gnoll (Southland Heroes)	Gnoll (Southland Heroes)
Gnolls of Raef (Gnor)	Gnolls Of Raef (Gnor)
Forest Gnome	Gnome
Half Gnome, Half Orc	Gnome
Gnome	Gnome
Gnorri	Gnorri
Night Goblin	Goblin
Half goblin	Goblin
Eberron Goblin	Goblin
Zendikar Goblin	Goblin
Goblin (Ixalan)	Goblin
goblin	Goblin
Goblin - Lorenzo	Goblin
Goblin (Khron)	Goblin
Warcraft Goblin	Goblin
Goblin (Aedin Setting)	Goblin
Evan's Goblin	Goblin
Goblin	Goblin
Goblinoid Ogre	Goblin
Half-Goblin	Goblin
Gobs	Gobs
Golem	Golem
Goliath (NG)	Goliath
Goliant	Goliath
Dobor Goliath	Goliath
Goliath (Tyrileth)	Goliath
Bane Juggernaut(Goliath)	Goliath
Goliath	Goliath
Half-Goliath	Goliath
Golyatih	Goliath
Goliath (free feet variant)	Goliath
Firboliath	Goliath
Wearbear Goliath	Goliath
Gith	Goliath
Goliath Panda	Goliath
Goliath based Chimera	Goliath
Holy Goliath	Goliath
Goopy mass	Goopy Mass
Gorgon	Gorgon
Gorilla	Gorilla
Gothrik	Gothrik
Green Slaad	Green Slaad
Grim Angel (real version)	Grim Angel (Real Version)
Grippli	Grippli
Gronn	Gronn
Grung	Grung
Guidari	Guidari
Hadozee	Hadozee
Half - Dryad	Half - Dryad
Half Banshee	Half Banshee
Half breed	Half Breed
Half Fey	Half Fey
Half Giant	Half Giant
Half-Demon	Half-Demon
Half-Dragon	Half-Dragon
Half-Dryad	Half-Dryad
Half-Elf (Speed Variant)	Half-Elf
Half-Elf (Revised)	Half-Elf
Half-Elf-Orc	Half-Elf
Half-Fey	Half-Elf
Half-elf/half Passerean	Half-Elf
Half-elf/tiefling	Half-Elf
Half-Elf	Half-Elf
Half-Angel	Half-Elf
Half-Aasimar, Half-Elf	Half-Elf
COPY_OF_Half-Elf	Half-Elf
Dragon Half-Elf	Half-Elf
Half-Elf Variant	Half-Elf
Additional Feat Half-Elf	Half-Elf
Hill Dwarf (Reincarnated Half-Elf)	Half-Elf
Half-Elf  (Copy)	Half-Elf
Tiefling Half-Elf	Half-Elf
Far-Realm-Touched Half-Elf	Half-Elf
Half-Giant	Half-Giant
Half-giant	Half-Giant
Half-giant 	Half-Giant
Half-Kitsune	Half-Kitsune
Half-Medusa	Half-Medusa
Half-Oni/Half-Succubi	Half-Oni/Half-Succubi
Tiefling Half-Orc	Half-Orc
Half-Orcish	Half-Orc
COPY_OF_Half-Orc	Half-Orc
Half-Drow	Half-Orc
Half-Orc Aasimar	Half-Orc
Half-Orc/Genasi	Half-Orc
Bennett's Half-Orc	Half-Orc
Half-Mer	Half-Orc
Half-Orc Samurai	Half-Orc
Half-Oni	Half-Orc
Half-Orc Variant (Feat)	Half-Orc
Half-Orc Goliath	Half-Orc
Half-Unicorn	Half-Orc
Half-Orc	Half-Orc
Half-Ogre	Half-Orc
Half-Troll	Half-Troll
Half-Valkryie 	Half-Valkryie
Yuan-ti (Halfling) Pureblood (HB)	Halfling
Half-Alicorn	Halfling
Shiftling	Halfling
Halfling (World Walkers Universe)	Halfling
Halfling	Halfling
Tabaxi-Halfling	Halfling
Enlightened One - Halfling	Halfling
Hamadryad	Hamadryad
Hap-Fey	Hap-Fey
Harbingers	Harbingers
Harefolk	Harefolk
Harengon	Harengon
Harpy	Harpy
Haunted Skull	Haunted Skull
Hengeyokai 	Hengeyokai
Hengeyokai	Hengeyokai
Hephet	Hephet
Hexblood (Archived)	Hexblood
Hiran Cervitaur	Hiran Cervitaur
Hirm	Hirm
Hobgoblin	Hobgoblin
Hobgoblin of the Feywild (Archived)	Hobgoblin
Hobgoblin-Aasimar	Hobgoblin
Homunculus	Homunculus
Honorspren	Honorspren
Horne	Horne
HSR*	Hsr*
HSS - Brendan	Hss - Brendan
Planegea Human - Devon	Human
Human - Hoya	Human
Jemmora Human	Human
Human (World Walker Universe)	Human
Enlightened Human	Human
Arcanum: Human	Human
COPY_OF_Human	Human
Star Human	Human
"""Human"""	Human
Human (Legacy)	Human
Human - Plains	Human
Human (CR)	Human
human, Werewolf	Human
Human*	Human
Human 	Human
Diaspora Human	Human
Human Ancestry	Human
Man	Human
Human	Human
[OneD&D] Human	Human
Real Life Human	Human
Huncubi	Huncubi
Hungret	Hungret
HUWYTE	Huwyte
Hyur	Hyur
Ice Troll	Ice Troll
Ifrit	Ifrit
Iksar	Iksar
Illithid 	Illithid
ILLITHID (renegade)	Illithid (Renegade)
Illyrian	Illyrian
Imini	Imini
Immortal 	Immortal
Imp	Imp
Imperial	Imperial
Inaba	Inaba
Inkling	Inkling
Iron Giants	Iron Giants
Irontouched	Irontouched
Ishim	Ishim
Iter Ligno	Iter Ligno
Jaalibon	Jaalibon
Jackalfolk	Jackalfolk
Jackalwere	Jackalwere
Jotun	Jotun
Kakuta	Kakuta
kalasharen	Kalashtar
Kalashtar (UA)	Kalashtar
Kalashtar	Kalashtar
Kalaxriel's First Brood	Kalaxriel'S First Brood
Kaldorei	Kaldorei
Kallista's Stats	Kallista'S Stats
Kari-Eten	Kari-Eten
Kekeke	Kekeke
Kelethis 	Kelethis
Kelpie	Kelpie
Keme	Keme
Kender	Kender
Wild Kenku	Kenku
Kenku	Kenku
Kenku Mimic	Kenku
Kessiger	Kessiger
Kettir	Kettir
Khajahadan	Khajahadan
Khajiit	Khajiit
Khajit	Khajit
Khenra	Khenra
Khulgani	Khulgani
Kiroth	Kiroth
Kitsune	Kitsune
Kitsune 	Kitsune
Kitsune  (Homebrew)	Kitsune  (Homebrew)
Kitsune (Slyvan Blessed Fox)	Kitsune (Slyvan Blessed Fox)
Kobold Werewolf	Kobold
Wolfbold	Kobold
Kobold (archived)	Kobold
Kobold	Kobold
Kobold (Improved)	Kobold
Midgard Kobold	Kobold
Dragonwrought Kobold	Kobold
Kobold Urd	Kobold
Kongōrikishi	Kongōrikishi
Kor	Kor
MtG - Kor	Kor
Krutika	Krutika
Kuo-Toa	Kuo-Toa
Ladu'Acrum	Ladu'Acrum
Laecorai	Laecorai
Lamia	Lamia
Lapine	Lapine
Lapineirdae	Lapineirdae
Lathari	Lathari
Lemurian	Lemurian
Leonin	Leonin
Eggonion 	Leonin
Leprechaun	Leprechaun
Lich	Lich
Lightborn	Lightborn
Lightfoot Half-Hin Race	Lightfoot Half-Hin Race
Lightless	Lightless
Lightning Giants	Lightning Giants
Lionfolk	Lionfolk
LionFolk	Lionfolk
Living Flesh Construct	Living Flesh Construct
Lizardkin	Lizardfolk
Lizardfolk- Velociraptor Tribe	Lizardfolk
Lizardfolk- Chameleon Tribe	Lizardfolk
Lizardfolk- Gila Monster Tribe	Lizardfolk
Lizardfolk- Alligator-kin Tribe	Lizardfolk
Lizard-Folk	Lizardfolk
lizardfolk	Lizardfolk
Lizardfolk	Lizardfolk
Lizardfolk- Axolotl Tribe	Lizardfolk
LizardFolk	Lizardfolk
Lizardfolk- Komodo Tribe	Lizardfolk
Blackscale (Lizardfolk Variant)	Lizardfolk
Lizaryd	Lizardfolk
Llamataur	Llamataur
Locathah	Locathah
Lorrnath	Lorrnath
Bloodborn	Loxodon
Loxodon	Loxodon
Loxodon 	Loxodon
Loxodon-UA	Loxodon
Lucario	Lucario
Lupin	Lupin
Lupine	Lupine
Lupine Dragon	Lupine Dragon
Lutire	Lutire
Lutire  MK II	Lutire  Mk Ii
Lycan	Lycan
Lycanthrope	Lycanthrope
Lynx	Lynx
Magi	Magi
Magic Cat	Magic Cat
Magical beast	Magical Beast
Magitech Droid	Magitech Droid
Maldrath	Maldrath
Malkin	Malkin
Mantid	Mantid
Mantodea	Mantodea
Mauko	Mauko
Mausu	Mausu
Medusa	Medusa
Meerbat	Meerbat
Megalosaurasapians	Megalosaurasapians
Mer	Mer
Otterfolk	Merfolk
Merfolk (Zendikar)	Merfolk
Mousefolk	Merfolk
Badgerfolk	Merfolk
Merfolk	Merfolk
Bearfolk	Merfolk
Wanderfolk	Merfolk
Viperfolk	Merfolk
Slimefolk	Merfolk
Zendikar Merfolk	Merfolk
Ula Merfolk 	Merfolk
Mousefolk 	Merfolk
Merfolk - River Herald	Merfolk
Mexican't	Mexican'T
Michtim	Michtim
Mida	Mida
Midgard Bearfolk	Midgard Bearfolk
Midgard Gearforged	Midgard Gearforged
Mikoto	Mikoto
Mimic	Mimic
Mind Flayer	Mind Flayer
Minotaur (Krynn)	Minotaur
Minotaur	Minotaur
Minotaur-UA	Minotaur
Half-Minotaur	Minotaur
Aynerth Minotaur	Minotaur
Minotaur 	Minotaur
COPY_OF_Minotaur	Minotaur
Minotaut	Minotaur
True Minotaur	Minotaur
Amonkhet Minotaur	Minotaur
Minotaur (UA)	Minotaur
Unearthed Arcana: Minotaur	Minotaur
Minotaur of Midgard	Minotaur
DL - Minotaur	Minotaur
Miqo'te	Miqo'Te
Miqo'te Custom	Miqo'Te Custom
Mogogol	Mogogol
Monolith	Monolith
Moogle	Moogle
Moon Fey	Moon Fey
Moonfolk	Moonfolk
Mothfolk	Mothfolk
Mothkin	Mothkin
Mousefolk Large	Mousefolk Large
Mousekin	Mousekin
Moüst	Moüst
Mul	Mul
Mummy	Mummy
Muridae	Muridae
Murloc	Murloc
Mushroam	Mushroam
Myconid	Myconid
Nagaji	Naga
Naga	Naga
Nalacen	Nalacen
Native American (Blackfoot)	Native American (Blackfoot)
Natureling	Natureling
Necrotempists	Necrotempists
Neko race	Neko Race
Nephalem	Nephalem
Nephalem v2	Nephalem V2
Nephilim	Nephilim
Neutral	Neutral
Nezumi	Nezumi
Njörth	Njörth
Nokken	Nokken
Nopon	Nopon
Nord	Nord
Nosferatu	Nosferatu
Nroji	Nroji
Nymph	Nymph
Nymphaeus	Nymphaeus
Númenórean	Númenórean
Oblex	Oblex
Ochong	Ochong
Ogre	Ogre
Ogre (GT)	Ogre (Gt)
Oina	Oina
Olethrios	Olethrios
Oni	Oni
Orarukk	Orarukk
Dworc	Orc
Wood Elf-Orc	Orc
Draxnor Orc	Orc
Black Orc	Orc
Orc (Revised)	Orc
Orcling	Orc
Orc!	Orc
True Orc	Orc
Shattered Orc	Orc
Stone-Orc	Orc
Quarter-Orc-half-plant	Orc
Elf Orc	Orc
Orc of Exandria	Orc
Sun-Hunter Orc	Orc
Orc'Klar	Orc
High Dagorcian	Orc
G'orc	Orc
Elf-Orc	Orc
Orc (archived)	Orc
Orcasion 	Orc
Half Orc Half Drow	Orc
Orc of Eberron	Orc
Orc	Orc
Oreinak	Oreinak
Orinthai	Orinthai
Ork	Ork
Otterman	Otterman
Ovgiin	Ovgiin
Owlbear	Owlbear
Ghoul Folk	Owlfolk
Owlfolk (Archived)	Owlfolk
Walrusfolk	Owlfolk
Owl Folk	Owlfolk
Owlfolk	Owlfolk
Owlin	Owlin
Pactborn	Pactborn
Panda	Panda
Pandaren	Pandaren
papillon	Papillon
Pelanan	Pelanan
Persona (gem)	Persona (Gem)
Phasm	Phasm
Piney	Piney
Pixie	Pixie
Pixie 	Pixie
Plasmoid	Plasmoid
Platyperson	Platyperson
Plesiosaurus	Plesiosaurus
Plover Primal	Plover Primal
Possessed Cat	Possessed Cat
Potatoekin	Potatoekin
Priaced	Priaced
Prima Terra, Ascended	Prima Terra, Ascended
Prima Terra, Vozeri	Prima Terra, Vozeri
Pseudodragon	Pseudodragon
Psychic Arthropod for Spelljammer w Doug	Psychic Arthropod For Spelljammer W Doug
Puppicorn	Puppicorn
Pygmy Fox-folk	Pygmy Fox-Folk
Quaggoth	Quaggoth
Quetzalin	Quetzalin
Qunari	Qunari
Quorrl	Quorrl
Rabbitfolk	Rabbitfolk
Rabbit	Rabbitfolk
Ratfolk	Rabbitfolk
RabbitFolk	Rabbitfolk
Rabbitfolk (Archived)	Rabbitfolk
Ratfolk 	Rabbitfolk
Catfolk	Rabbitfolk
Rabbit Folk	Rabbitfolk
Raccobold	Raccobold
Raccobolds	Raccobolds
Racoon Critter	Racoon Critter
Raftan	Raftan
Rakasta	Rakasta
Rakshasa	Rakshasa
Ralad	Ralad
Rama	Rama
Ratling	Ratling
Rattkin	Rattkin
Reader Catasect	Reader Catasect
Real Panda	Real Panda
Reaper	Reaper
Arboren	Reborn
Reborn (Archived)	Reborn
Faeborn	Reborn
Red Fox	Red Fox
Redead	Redead
Reincarnate	Reincarnate
Reptamun	Reptamun
Treant	Revenant
Revenant (Human)	Revenant
Treent	Revenant
Revenant	Revenant
Revenant - Human Variant CoS Kampanjebase	Revenant
Human Revenant	Revenant
Treant 	Revenant
Revenant Human	Revenant
Treeant	Revenant
Revisitor	Revisitor
Roegadyn	Roegadyn
Rougarou	Rougarou
Safir	Safir
Sahuagin	Sahuagin
Saiyan	Saiyan
Sakaaran	Sakaaran
Sasember	Sasember
Sasquatch	Sasquatch
Saltar	Satyr
Satyr	Satyr
Reincarnated Kildrake Satyr	Satyr
Scarecrow	Scarecrow
Sciurian	Sciurian
Sea Monkey	Sea Monkey
Sealed Dragon	Sealed Dragon
Seedling	Seedling
Selachian	Selachian
Selkie	Selkie
Sentient Phase Spider	Sentient Phase Spider
Serpent-Folk	Serpent-Folk
Shad	Shad
Shadar-kai	Shadar-Kai
Shadar Kai	Shadar-Kai
Szarkai	Shadar-Kai
Shadar-Kai	Shadar-Kai
Shade	Shade
Shadow Born	Shadow Born
Shardmind	Shardmind
Sharkfolk	Sharkfolk
She-wolf	She-Wolf
Sheikah	Sheikah
Shapeshifter	Shifter
shifter	Shifter
Shifter	Shifter
Cerberus Shifter	Shifter
Shifter (Beasthide)	Shifter
Shifter (UA)	Shifter
Shin'en Kai	Shin'En Kai
Shindarri Lieutenant	Shindarri Lieutenant
Shroomborn	Shroomborn
sibaro	Sibaro
Silm	Silm
Silva	Silva
Silver Dragon	Silver Dragon
Simic Hybrid	Simic Hybrid
Siren	Siren
Half-Siren	Siren
 Sisslureelian	Sisslureelian
Skallgin	Skallgin
Skeleton	Skeleton
SkinWalker	Skinwalker
Skullcap	Skullcap
Skurri	Skurri
Skymin	Skymin
SlimeLords	Slimelords
Slusset	Slusset
Snake Folk	Snake Folk
Snapwick Imp	Snapwick Imp
Sneeple	Sneeple
Sol'Vra	Sol'Vra
Sorrow May	Sorrow May
Soulbound	Soulbound
Soulforged	Soulforged
Spellbound Alligator	Spellbound Alligator
Spinagon (Spined Devil)	Spinagon (Spined Devil)
Spiritforged	Spiritforged
Spriggan	Spriggan
Stonefolk 	Stonefolk
Stormfolk	Stormfolk
Strix (Grimfrost Campaign)	Strix (Grimfrost Campaign)
Subrosian	Subrosian
Succubus	Succubus
succubus	Succubus
Succubus/Incubus	Succubus/Incubus
Sudalix	Sudalix
Supial	Supial
Surrogate	Surrogate
Svensali	Svensali
Sylvari	Sylvari
Symian	Symian
tab	Tab
Tobaxi	Tabaxi
 tabaxi	Tabaxi
Tabaxi/ Snow Leopard Varient	Tabaxi
Tabaxi	Tabaxi
Half-Tabaxi	Tabaxi
Tabaxi-1	Tabaxi
tabaxi	Tabaxi
COPY_OF_Tabaxi	Tabaxi
Tabaxi (CR)	Tabaxi
Tall	Tall
Talpid	Talpid
Tanarukk	Tanarukk
Tarutaru	Tarutaru
Teifkocra	Teifkocra
Tentamouth	Tentamouth
Tesumaki	Tesumaki
Tetra	Tetra
Thri-Kreen of Athas	Thri-Kreen
Thri-kreen	Thri-Kreen
Thri-Kreen	Thri-Kreen
Thylean Medusa	Thylean Medusa
Thylean Nymph	Thylean Nymph
Teethling	Tiefling
Incubus/Succubus (Tiefling Variant) 	Tiefling
Thurmagaunt Tiefling	Tiefling
Tiefling	Tiefling
Tiefling (Balthazar)	Tiefling
Fiendling	Tiefling
Tiefling-Aasimar Hybrid	Tiefling
Sidheling	Tiefling
Zuggtmoy's Spawn (Tiefling Subrace)	Tiefling
Tiefling - Zariel Variant	Tiefling
Half Orc - Half Tiefling v2	Tiefling
Tiefling Variant (Feat)	Tiefling
Flintfoot Feral Tiefling	Tiefling
Tiefling (Azazel)	Tiefling
Levistus Tiefling	Tiefling
Tiefling Variant	Tiefling
Fierna Tiefling	Tiefling
Tiefling [Glasya Ancestry]	Tiefling
Truffling	Tiefling
Tiefling Abyssal Varient	Tiefling
Nephilim (Aasimar-Tiefling)	Tiefling
Winged Tiefling	Tiefling
Feytouched Tiefling	Tiefling
Gnome-Tiefling	Tiefling
Tiefling with Fierna blood	Tiefling
Abyssal Tiefling	Tiefling
Half Tiefling	Tiefling
Iceblood Tiefling	Tiefling
Tiefling of the Sun	Tiefling
Tiefling Feral	Tiefling
Variant Tiefling	Tiefling
Tiefling (HR)	Tiefling
Actually a Tiefling	Tiefling
Celestial Tiefling	Tiefling
Tiefling, Cambion	Tiefling
Newly Minted Tiefling	Tiefling
Feral Tiefling	Tiefling
Dwarven Tiefling	Tiefling
Tikikit	Tikikit
Time Ghost	Time Ghost
Time Lord	Time Lord
Tokay	Tokay
Tordine Oraci 	Tordine Oraci
Undead Tortle	Tortle
Tortle Mystic	Tortle
Tortle	Tortle
Tortel	Tortle
Turtle	Tortle
Treefolk	Treefolk
Tressym	Tressym
Triton Prime	Triton
Silanu triton	Triton
Triton	Triton
Triton (swamp)	Triton
Troll	Troll
Troll (Alternian)	Troll (Alternian)
Trollkind	Trollkind
Tropic Avali	Tropic Avali
Tuzetae	Tuzetae
Twi'lek	Twi'Lek
Typhon	Typhon
Tzyn	Tzyn
Ugandan Knuckles	Ugandan Knuckles
Ulitharid	Ulitharid
Undead	Undead
Unicorn	Unicorn
Urd	Urd
Ursidae (Bearfolk)	Ursidae (Bearfolk)
Ursine	Ursine
Urskan	Urskan
Uskad	Uskad
Utu - The Orphaned	Utu - The Orphaned
Vales (Fallen Angels)	Vales (Fallen Angels)
Valheru	Valheru
Vali	Vali
Zendekar Vampire	Vampire
Daywalker (Vampire Variant)	Vampire
Human Vampire	Vampire
Fey Vampire	Vampire
Legion of Dusk Vampire	Vampire
Half-vampire	Vampire
Vampire	Vampire
vampire	Vampire
Vanara	Vanara
Vanaras	Vanaras
Varient(Feat) Mousefolk	Varient(Feat) Mousefolk
Vedalken	Vedalken
Valpen	Vedalken
Vedalken-UA	Vedalken
Veissux	Veissux
Venandi	Venandi
Verbeeg	Verbeeg
Hyverman	Verdan
Verdan	Verdan
Veresio	Veresio
Vernon	Vernon
Vexeye	Vexeye
Viashino-UA	Viashino
Virikan	Virikan
Void Folk	Void Folk
Voidborn	Voidborn
Voldur	Voldur
Vryloka	Vryloka
Vygul	Vygul
Wakahnka	Wakahnka
Warforged 2	Warforged
Variant Warforged	Warforged
warforge	Warforged
Forged	Warforged
Grimfrost Warforged	Warforged
Warforged 	Warforged
Warforged (UA)	Warforged
Relicforged	Warforged
War Forged	Warforged
Gearforged	Warforged
Warforge	Warforged
Warforged (Subraces)	Warforged
Surveyor Warforged Variant	Warforged
Warforged Sentinel	Warforged
Warforged Adaptable	Warforged
Warforged UA	Warforged
Warforged (AX)	Warforged
Arcforged	Warforged
Warforged (eberron5e.com)	Warforged
Warforged	Warforged
Weasel	Weasel
WereBat	Werebat
Werechicken	Werechicken
Werefox	Werefox
Weretouched	Weretouched
Werewolf 	Werewolf
Werewolf	Werewolf
Wight	Wight
Wight (Alheim)	Wight (Alheim)
Wilden	Wilden
Winter Wolf	Winter Wolf
Wolfborn	Wolfborn
Wolfen	Wolfen
Wolfox	Wolfox
Wolhelms	Wolhelms
Wood Woad	Wood Woad
Wookalar	Wookalar
Wookie 	Wookie
Wooloo	Wooloo
Worgen	Worgen
Wraith	Wraith
Wricklet	Wricklet
Wyvern (Youngling)	Wyvern (Youngling)
Yantikite	Yantikite
yee naaldlooshii	Yee Naaldlooshii
Yivrri	Yivrri
Ysoki	Ysoki
Yuan-ti	Yuan-Ti
yuan ti	Yuan-Ti
Yuan-Ti	Yuan-Ti
Serpentine Yuan-Ti	Yuan-Ti
Yuan-Ti Malison	Yuan-Ti
Yuan Ti Pureblood	Yuan-ti Pureblood
Yuan-ti Pureblood (revised)	Yuan-ti Pureblood
Yuan-Ti Pureblood	Yuan-ti Pureblood
Yuan-ti Pureblood	Yuan-ti Pureblood
Variant Human To Yuan-ti Pureblood	Yuan-ti Pureblood
yuanti malison	Yuanti Malison
Yuki-otoko	Yuki-Otoko
Zenythri	Zenythri
Zora	Zora
[Tariel] Eagra	[Tariel] Eagra
Людоящер	Людоящер
